Neuron;ActivationFunction;MinWeights;MaxWeights;Alpha;Inputs;Outputs;TrainThreshold;Repeat;LoopsMean;
Adaline;BipolarBinaryFunction;-1;1;1;2;1;0.25;1;287;0.7372795;2.541671;0.8330806;1.759034;2.013551;1.268067;4.286135;3.531618;1.272584;1.513551;1.763551;3.513551;5.022584;9.549685;9.295168;2.268067;6.786135;5.786135;3.786135;1.759034;3.786135;2.259034;4.286135;5.822269;5.063236;2.554202;2.536135;3.027101;9.099371;9.340337;3.777101;16.63551;10.0813;3.777101;1.25;1.25;2.75;6.75;4.25;9.5;12.75;11.75;18.5;10.5;12.5;20;3.75;7.75;12.5;13;9.5;7.25;13.25;21.5;15.25;30.75;36.25;55.25;38.75;68.5;130.75;53.75;81;160.25;160;214.75;216;216.75;270;323.75;270.5;161;54.25;161.5;109;3;2.5;2.75;4.5;5;3.5;4.25;2.75;3;6;4;3.25;4;2;3.5;3.5;4.75;6.25;10.75;6;4;2.75;1.25;4.75;3;4;6;11.25;12.25;8.25;16.75;20;34.25;43.75;49;44.25;70.5;71;85.75;85.25;141.25;113;199.5;88.25;143.75;86.25;63.25;83.75;134.5;160.75;187.5;241.25;81.25;80.75;322.25;564.5;402.25;564.75;644.5;565.25;563.75;886;1612;1772.75;4270;1531;3948.75;2820.25;966.75;725;1448.5;1932.5;1690.5;2174.75;2899.25;1933;2899.75;3866.75;3382.5;3865.75;1932.75;3864.25;9177.25;10627.25;23669.75;35264;42509.75;27050.75;6764;13527.25;20289.5;13527.75;54108.5;47343.75;33815.75;13527;27051.5;33815;13528;20290.75;33816.75;33817;27054.75;27055.5;13528.5;20292;60875.25;81166.75;81166.75;60875.75;60876;60876.25;60878;182630;81172.25;101468.5;60881.5;101469.8;60881.5;182645;466759;649404.3;730579.8;832049.3;1156751;1379984;1237927;1156752;2232328;3165845;4180539;3389076;4241423;4748768;6534633;6534632;1.773686E+07;1.680333E+07;8401667;2.053741E+07;4.200834E+07;4.667593E+07;5.134352E+07;7.374798E+07;2.707205E+07;2.893908E+07;1.120223E+07;6.721335E+07;1.0082E+08;1.0082E+08;1.344267E+08;6.721336E+07;1.680334E+08;2.016401E+08;2.016401E+08;1.680334E+08;1.680334E+08;2.016401E+08;2.688534E+08;2.016401E+08;1.344267E+08;2.352468E+08;2.688534E+08;3.024601E+08;1.344267E+08;1.0082E+08;1.0082E+08;2.016401E+08;2.016401E+08;4.704936E+08;4.704935E+08;1.344267E+08;1.344267E+08;1.344267E+08;4.032802E+08;5.377069E+08;2.688534E+08;2.688534E+08;4.032802E+08;4.032802E+08;6.721336E+08;4.032802E+08;5.377069E+08;5.377069E+08;8.065603E+08;2.688534E+08;1.075414E+09;9.409871E+08;8.065604E+08;6.721336E+08;8.065603E+08;5.377069E+08;9.409871E+08;4.032802E+08;5.377069E+08;5.377069E+08;5.377069E+08;1.344267E+08;2.688534E+08;0.5;0.5;0.5;0.75;2;2.75;3;3.5;2.5;1.25;1;1.25;0.25
Adaline;BipolarBinaryFunction;-1;1;0.9;2;1;0.25;1;77;0.8051738;0.6075498;0.4056589;0.6900772;0.8345959;0.8814081;1.018856;0.9849228;1.378943;0.626173;0.444207;1.150956;0.8741314;1.663363;1.084455;0.5294696;1.320528;0.7530615;0.5303273;0.2971303;0.453141;1.875756;0.3935626;1.257364;0.7634777;0.4862499;0.6352116;1.096932;1.214618;1.493091;0.9147605;0.4826344;0.9920475;0.51144;0.7086055;0.4583687;1.112551;0.9934405;1.511114;1.198263;1.113886;0.8212407;0.5355726;0.8141157;1.442195;0.5140766;1.813899;1.118124;1.779758;0.681672;0.9210613;1.667349;1.753678;1.464075;0.4264236;0.562837;1.008074;1.32639;1.221613;1.053252;2.134411;1.223276;1.510606;1.936816;1.298835;0.6462714;0.956927;0.3747373;0.4329482;0.7685189;0.4373254;0.5429986;1.166984;0.4984355;1.471725;0.400412;0.2175059
Adaline;BipolarBinaryFunction;-1;1;0.8;2;1;0.25;1;89;0.9274958;0.6036728;0.4398864;0.725505;0.6257076;0.7000087;0.7732801;0.6992142;0.9270577;0.7778046;0.6669772;0.6628612;0.5380884;0.4053225;0.3404958;0.4838822;0.5778188;1.04799;1.314021;0.9484229;0.8156533;0.3105694;0.4578151;0.5136552;0.7626591;0.4771808;0.9621891;0.4642576;0.3603531;0.5629902;1.153982;0.3548948;0.4517664;0.3312951;0.3052613;0.8284252;0.561177;0.3846755;0.5911897;0.5269911;0.2792687;0.6746361;0.3531302;0.7451121;0.5686461;0.6815041;0.2828936;0.2915341;0.3926847;0.9268547;0.6961783;0.9058766;0.84772;1.274467;1.393069;1.579449;1.473063;0.7947216;0.3067904;0.6799701;0.469815;0.350878;0.8383315;0.304952;0.5834225;0.5570413;0.2945245;0.3465301;0.4413149;0.7285934;0.4059309;1.503642;0.5971965;0.374415;1.448648;0.7479964;0.4378067;0.4901503;0.5038085;1.121493;0.3859539;0.7298243;0.5963649;0.4193116;0.873996;0.6694434;0.5468621;0.8028781;0.2016678
Adaline;BipolarBinaryFunction;-1;1;0.6;2;1;0.25;1;27;0.8800862;0.3919693;0.5753077;0.4595528;0.5574759;0.4462472;0.4121341;0.5045484;0.4194438;0.2731847;0.3627399;0.3159165;0.4723669;0.720476;0.4951929;0.4586384;0.2949848;0.3498694;0.4780945;0.4849671;0.5794269;0.4289281;0.6708513;0.5930198;0.3854395;0.3369875;0.2356945
Adaline;BipolarBinaryFunction;-1;1;0.5;2;1;0.25;1;18;0.9609473;0.3838336;0.3330618;0.2894074;0.3283682;0.2891841;0.5138183;0.5190098;0.3912042;0.4642946;0.4357179;0.4102524;0.3529955;0.3438753;0.5237733;0.298356;0.2527322;0.2113625
Adaline;BipolarBinaryFunction;-1;1;0.3;2;1;0.25;1;46;0.8309296;0.3867628;0.3980955;0.3519804;0.3014159;0.2664339;0.3527189;0.3386749;0.2993835;0.3143871;0.337769;0.3342083;0.3357982;0.3297102;0.322274;0.3334628;0.3293752;0.2516177;0.3595641;0.2979675;0.3184065;0.3375775;0.3179;0.3154399;0.3418834;0.2843685;0.2578142;0.3284404;0.325556;0.3272006;0.3361031;0.2606018;0.339182;0.3464908;0.3289097;0.3724442;0.3527899;0.3070363;0.3190649;0.3242412;0.2619861;0.2500301;0.335903;0.3380685;0.2744795;0.2455797
Adaline;BipolarBinaryFunction;-1;1;0.2;2;1;0.25;1;783;0.8442917;0.4511375;0.3207818;0.3397077;0.3064356;0.2789823;0.2604479;0.2866189;0.2864078;0.2635619;0.2820187;0.2748442;0.2701433;0.2906155;0.3011059;0.2869173;0.3061251;0.2936181;0.3025141;0.2948457;0.282968;0.3096583;0.3104692;0.296661;0.3076206;0.2869643;0.2891318;0.3003089;0.2939873;0.3117484;0.3089868;0.2965987;0.268686;0.2708994;0.3096468;0.3096699;0.3098297;0.3093833;0.2672294;0.3067037;0.263522;0.302405;0.2627288;0.3021313;0.2887401;0.2794682;0.3004497;0.3031422;0.2757699;0.3070381;0.3146405;0.3040699;0.3012248;0.305742;0.3022842;0.282103;0.3073912;0.3055344;0.3057398;0.2613309;0.3019829;0.3051794;0.3057254;0.2873552;0.3143433;0.3027528;0.2868433;0.3135497;0.2685751;0.3008687;0.3189013;0.2975224;0.307915;0.2599446;0.3141158;0.3010306;0.3096127;0.3047032;0.2917342;0.2884596;0.2828079;0.2842704;0.3071983;0.3071677;0.2773262;0.2999611;0.2765495;0.3031061;0.283092;0.3074722;0.3072235;0.3007863;0.2976401;0.3085804;0.2720095;0.2966607;0.266106;0.2981331;0.3082311;0.2876571;0.2844295;0.3089526;0.2771541;0.314069;0.3063495;0.3079143;0.3017632;0.2735026;0.2963031;0.3060284;0.314617;0.3051172;0.2769707;0.3032438;0.3007372;0.3079002;0.3024968;0.2874009;0.3082647;0.2959675;0.3070796;0.2631854;0.3025746;0.3093716;0.3041271;0.304065;0.2998496;0.3093863;0.2850272;0.3001577;0.2891166;0.3002521;0.3037152;0.3072809;0.2904714;0.3149307;0.3019181;0.2905677;0.288586;0.305944;0.29841;0.2733191;0.2673909;0.3015665;0.2995145;0.3067981;0.2816957;0.313804;0.2893472;0.3005309;0.2920051;0.3006627;0.2822959;0.2836253;0.3016805;0.3063893;0.3045532;0.3090664;0.2595717;0.2973794;0.2887398;0.264024;0.3133458;0.3026866;0.3028862;0.2798026;0.2880757;0.3091353;0.3126097;0.3085353;0.2854706;0.2984239;0.2967985;0.3093261;0.2701316;0.297615;0.2677408;0.297265;0.307631;0.3064495;0.2991698;0.3100879;0.3016942;0.309474;0.2861703;0.3123752;0.2950439;0.305468;0.2966436;0.293363;0.2967408;0.3065113;0.2858485;0.291187;0.296734;0.3064203;0.3079914;0.2737978;0.3114354;0.29806;0.3010319;0.287412;0.3026411;0.2855527;0.307567;0.3091563;0.2600194;0.2986205;0.3064879;0.2936042;0.2886858;0.2772418;0.3123362;0.2903113;0.3056644;0.3013712;0.3079821;0.3093126;0.3058681;0.2804991;0.2851053;0.2851475;0.2840976;0.309075;0.2984857;0.2775764;0.3093924;0.3056166;0.300842;0.2894592;0.3130244;0.3015057;0.3042727;0.3048317;0.2987624;0.2867125;0.3078839;0.2902144;0.2642547;0.3129655;0.3059334;0.2991714;0.2957037;0.3149629;0.3061528;0.2900505;0.3024851;0.2840429;0.2857631;0.3032078;0.2813481;0.3136646;0.3150359;0.2965234;0.3052664;0.3171351;0.2911395;0.2934969;0.3103893;0.3040704;0.2859026;0.3031011;0.3093794;0.3028125;0.2641536;0.3051966;0.301412;0.3050001;0.3093355;0.3000103;0.3138348;0.2944891;0.3067219;0.3070859;0.2913191;0.2798788;0.3106565;0.2989896;0.3175144;0.2824993;0.3068351;0.3126092;0.2967008;0.3138309;0.3068777;0.3070462;0.3033277;0.2889147;0.3177347;0.3003532;0.3023149;0.2815877;0.299778;0.2996224;0.2952484;0.3139354;0.278355;0.2702364;0.3041807;0.3027917;0.3007639;0.30303;0.2994668;0.3098989;0.3044057;0.3064797;0.290119;0.2789853;0.3008192;0.2656733;0.3025751;0.2992196;0.292206;0.3149957;0.3008601;0.2793272;0.3124089;0.3054664;0.3054907;0.2901298;0.2883671;0.288322;0.2933154;0.2946392;0.3107376;0.2711967;0.3009692;0.29952;0.3109659;0.3025113;0.2936764;0.3166113;0.3069434;0.3046228;0.3058819;0.2992085;0.2994164;0.3029334;0.2944157;0.3143422;0.3019368;0.3136883;0.3051627;0.2934565;0.2883433;0.3071942;0.2838676;0.3136643;0.2903361;0.3057724;0.2834067;0.3050564;0.3008938;0.3036085;0.2938488;0.3059577;0.3074797;0.2942869;0.2978261;0.3061994;0.3014868;0.3108209;0.2922685;0.3065084;0.3036903;0.2859282;0.3003053;0.3154241;0.2905374;0.2946406;0.2863264;0.3047704;0.290026;0.2950592;0.3041777;0.3055573;0.3066816;0.2940397;0.3133732;0.3115848;0.2775055;0.3062058;0.2998495;0.3059974;0.2950302;0.3008214;0.2868085;0.3153062;0.2759633;0.3033479;0.2621509;0.3135407;0.2972973;0.3126013;0.3055414;0.2978976;0.2969639;0.3071833;0.2863979;0.2835359;0.3067807;0.3051365;0.3030385;0.3042282;0.3103371;0.2954494;0.2898351;0.3043654;0.3119288;0.2944357;0.3174126;0.3058828;0.2800485;0.3053874;0.3068674;0.2827626;0.3028877;0.2997645;0.311515;0.2592235;0.2973415;0.2679956;0.3033286;0.3098556;0.2941145;0.3044579;0.3020582;0.2815466;0.3158599;0.2849757;0.2915553;0.3038475;0.2845662;0.3058939;0.2852342;0.3086769;0.2908172;0.2900366;0.2927021;0.2987189;0.3064778;0.3018571;0.2770632;0.313819;0.2709669;0.2891465;0.2751545;0.273375;0.2861057;0.3008929;0.3012702;0.2893291;0.3027027;0.2855516;0.3164111;0.3092888;0.3118036;0.2590904;0.2987807;0.2949404;0.2781925;0.3031322;0.2995961;0.3012384;0.2886949;0.2674963;0.2883757;0.2805856;0.3049895;0.3012341;0.2997615;0.3151577;0.3023331;0.3031912;0.2813461;0.303547;0.2618776;0.2849975;0.3022684;0.3057471;0.3023362;0.3029734;0.3054412;0.2763928;0.301467;0.3010121;0.3078949;0.3046307;0.2742902;0.3050524;0.3011984;0.2826257;0.2953877;0.306153;0.300309;0.3013309;0.2805092;0.2808267;0.2943754;0.2874438;0.2760824;0.3004492;0.2804363;0.300086;0.3023036;0.2572635;0.2907355;0.3023784;0.2819259;0.2656243;0.314193;0.2891505;0.3174732;0.3142392;0.2799022;0.3070129;0.3012082;0.314603;0.2915724;0.3093223;0.3045523;0.2850108;0.3036163;0.3074734;0.3067375;0.3025749;0.2741339;0.3159176;0.2981284;0.3020907;0.3007385;0.2999927;0.3109517;0.3042063;0.285055;0.3120516;0.3079554;0.2973313;0.3186772;0.3027432;0.286638;0.3163243;0.2690393;0.3120833;0.3107173;0.296269;0.2655489;0.2560485;0.3026945;0.2956466;0.2929037;0.3069543;0.3027782;0.2963162;0.3020025;0.3092239;0.3016708;0.3012612;0.3088319;0.3026694;0.2812874;0.2849619;0.3024455;0.2823658;0.3166628;0.2995495;0.3012793;0.3035963;0.3094613;0.3020877;0.2842252;0.3097302;0.2976527;0.2856208;0.2875234;0.2668076;0.2891954;0.2752809;0.2736965;0.3056015;0.2900953;0.2999573;0.299658;0.3090424;0.2845168;0.3052966;0.2759427;0.2880696;0.2977141;0.3049209;0.2890172;0.2581384;0.3138467;0.302565;0.3050986;0.2917966;0.3011369;0.3020292;0.3098877;0.3072104;0.2963063;0.2974104;0.3054556;0.2797511;0.3078237;0.263699;0.2830874;0.2977096;0.301128;0.3010135;0.2935174;0.3146991;0.3023341;0.3036162;0.2977609;0.3051168;0.309412;0.2765931;0.26656;0.2561058;0.2719477;0.3116547;0.2927424;0.2927209;0.3065664;0.3005903;0.2941148;0.3075816;0.3048612;0.2634074;0.3010197;0.3020472;0.2790846;0.265645;0.3115784;0.2981991;0.2907033;0.3031529;0.3033358;0.2921898;0.3149807;0.2994554;0.2913452;0.2817087;0.3157596;0.300782;0.2620153;0.3123948;0.3016081;0.2824283;0.2960274;0.2786899;0.3049019;0.3015092;0.2859515;0.3135272;0.3071423;0.2865832;0.2796072;0.303947;0.3043948;0.2885206;0.2645069;0.2917347;0.3019125;0.3101218;0.2792445;0.306204;0.2982576;0.3023931;0.2759725;0.3038411;0.2664848;0.2733312;0.2969107;0.3056808;0.3078852;0.3005871;0.2865085;0.3127009;0.2912348;0.3176131;0.2673101;0.2684251;0.2981184;0.309858;0.3059369;0.3061299;0.3082767;0.3052789;0.2862144;0.3071649;0.3011768;0.3009353;0.3055506;0.2810331;0.2536769;0.2905234;0.2647618;0.3011412;0.2809758;0.3009528;0.2823793;0.3141265;0.3010404;0.3043173;0.2823321;0.3075241;0.3134573;0.291372;0.3152743;0.2987468;0.2780561;0.3101627;0.2596651;0.2674588;0.3098836;0.30141;0.2831012;0.3030462;0.308972;0.2845529;0.2697899;0.3122641;0.2798328;0.2722132;0.31186;0.3041378;0.2991436;0.3107036;0.3016901;0.301985;0.2857175;0.2856297;0.3044046;0.3120727;0.2970701;0.3089767;0.3015588;0.3103767;0.3019611;0.3099096;0.2860447;0.3066525;0.3003221;0.2839572;0.3083239;0.3037516;0.2602221;0.2695372;0.2718242;0.3066503;0.303157;0.2873608;0.2839083;0.2841421;0.2944226;0.3070248;0.301667;0.302631;0.2931421;0.3151792;0.2991643;0.2892408;0.3018467;0.3090811;0.3023897;0.3046219;0.2998768;0.2907571;0.3025189;0.3032866;0.2969635;0.3172804;0.3134704;0.3027233;0.3055555;0.3053157;0.3094845;0.3100768;0.2764674;0.3039984;0.2476763
Adaline;BipolarBinaryFunction;-1;1;0.1;2;1;0.25;1;timeout
Adaline;BipolarBinaryFunction;-1;1;0.05;2;1;0.25;1;timeout
Adaline;BipolarBinaryFunction;-1;1;0.01;2;1;0.25;1;timeout
Adaline;BipolarBinaryFunction;-0.8;0.8;1;2;1;0.25;1;38;1.51571;1.922966;0.9361792;2.109145;3.189806;2.968291;1.920907;0.8639383;1.335454;1.193031;1.971515;2.857577;2.636062;1.193031;2.386062;2.693031;2.386062;3.164546;6.579093;6.050608;15.7088;10.6297;13.35122;7.493638;6.022123;24.53789;22.48728;19.23728;13.99364;22.32273;17.90819;16.90819;16.65819;19.82273;22.98728;11.99364;3.914546;0.25
Adaline;BipolarBinaryFunction;-0.8;0.8;0.9;2;1;0.25;1;284;1.057523;0.9266115;0.7463094;1.115477;0.410546;0.6478044;0.3635685;0.2626747;0.2813363;0.2916327;0.3779169;0.3676037;0.8304954;1.274439;0.9675969;1.472271;0.8787804;0.6645324;0.6490042;0.5659505;0.5787864;0.2569927;0.5118499;1.322349;1.757309;0.8017891;1.838;2.631201;1.705864;2.926085;2.130292;1.346524;1.332458;2.432046;3.370167;2.179975;1.331563;0.962456;1.269918;1.07157;0.8176965;0.7956147;1.098351;1.023291;0.306295;0.842205;1.276057;1.933697;0.4168564;0.2758846;0.3505947;1.766674;1.363916;2.23197;1.388212;1.464585;0.6317687;0.8858037;0.5599813;0.7076902;0.4918348;1.131773;1.280484;1.309032;1.286878;0.6231591;0.4354762;0.4348679;0.9842644;1.97207;1.479621;0.421261;0.6699693;1.63523;0.6372296;1.548921;1.169841;0.4098904;1.089349;1.212521;0.5734192;0.8103018;1.590371;1.474045;1.624036;0.8708647;1.690519;3.36405;1.242514;0.5219591;1.709009;2.04724;1.946922;2.033728;1.156288;1.538862;1.111285;0.7015123;0.4477186;0.3492702;1.672105;1.530268;2.285447;2.411989;1.199358;2.271838;2.588585;1.513467;1.203953;1.119333;1.395627;0.3252407;1.036197;1.063714;1.359678;2.135538;2.377959;1.648132;0.7894334;0.5957093;0.5071031;0.9231444;0.9809391;1.304075;1.059895;1.327691;1.023008;2.397374;3.272415;0.7820323;1.971708;0.8649404;0.6054311;0.5070792;0.8770045;1.24873;1.543176;0.8294208;0.4789882;1.370324;1.042114;0.3520316;1.910227;1.23063;2.22706;2.094375;2.415325;4.545388;2.599039;1.493155;1.979326;3.467891;2.528807;2.062814;3.224275;2.962716;2.640444;1.802565;1.941154;2.54865;1.505762;1.159425;1.907289;4.21238;4.141447;4.194113;10.47989;4.282715;4.39369;5.131194;3.467679;4.76861;2.60943;2.880534;3.71584;4.552756;6.066845;3.506775;5.643281;4.321053;5.067222;7.857494;5.286999;8.264774;3.611954;11.50226;7.647295;11.60084;8.517664;6.396729;1.718256;1.329656;3.550976;2.855627;2.355934;2.012639;1.47826;4.590426;2.784043;5.113226;5.587009;8.281968;2.656758;3.476935;2.150203;2.355449;1.083911;0.2536822;0.6784427;0.5786281;0.5880122;1.557215;1.962469;0.9224952;1.371806;2.493355;1.057433;1.521068;2.475355;0.976777;0.8580774;0.6877213;0.8336895;0.61669;1.167642;1.335142;1.558419;1.081988;1.536768;1.807551;1.613903;1.190249;1.182837;1.191322;1.191472;1.30835;1.77582;1.053535;0.7617512;1.211779;1.864711;1.067575;0.5305068;0.4881317;1.154283;1.511449;1.417714;1.453099;2.207119;2.938298;1.601042;0.7361116;1.307988;1.132796;2.056237;1.584031;1.941853;1.449349;1.263245;0.7913276;0.8186145;1.013425;1.813516;1.127882;1.78836;1.571374;1.081907;0.6194314;0.6852819;1.623085;1.134741;0.7666017;0.5755164;1.334664;1.002477;0.5368066;0.8595482;0.7758148;0.5690207;1.178107;1.006713;0.6377997;0.3033077;0.2103942
Adaline;BipolarBinaryFunction;-0.8;0.8;0.8;2;1;0.25;1;9;0.4993671;0.6323476;0.9803123;1.27468;0.5127221;0.4703818;0.2888843;0.2683626;0.1955127
Adaline;BipolarBinaryFunction;-0.8;0.8;0.6;2;1;0.25;1;3;0.8881034;0.5146724;0.2061542
Adaline;BipolarBinaryFunction;-0.8;0.8;0.5;2;1;0.25;1;4;0.7940404;0.5721213;0.4220851;0.2335483
Adaline;BipolarBinaryFunction;-0.8;0.8;0.3;2;1;0.25;1;61;0.6481578;0.3760641;0.2825802;0.2704948;0.3452319;0.3380219;0.2867189;0.2591376;0.366785;0.3403252;0.2846138;0.3301484;0.3502394;0.3381889;0.3369645;0.319186;0.3344283;0.2960333;0.3335751;0.3533468;0.3274622;0.3545802;0.269812;0.3342094;0.2720317;0.3486562;0.2823904;0.3326367;0.3386224;0.2623261;0.347887;0.3099851;0.3532001;0.3249563;0.3222662;0.2833792;0.3265556;0.2849988;0.3207246;0.333726;0.3540549;0.3438333;0.3271567;0.2619593;0.283664;0.3515503;0.2747094;0.3479459;0.3340385;0.3038178;0.3475966;0.3305848;0.257725;0.3336458;0.3417065;0.3385402;0.3584395;0.2767159;0.3307963;0.2803611;0.2449993
Adaline;BipolarBinaryFunction;-0.8;0.8;0.2;2;1;0.25;1;3052;0.7633206;0.304363;0.2884691;0.3161147;0.3139149;0.3007938;0.2898127;0.3211927;0.302147;0.3058006;0.2990318;0.3160202;0.3135728;0.3112387;0.2960017;0.3022924;0.3032025;0.3045915;0.277131;0.3084159;0.2544668;0.3112765;0.2753738;0.3041998;0.2813356;0.3022941;0.3003966;0.3044219;0.2772824;0.2849379;0.2871985;0.3057703;0.2970426;0.3157439;0.2908952;0.3090376;0.2597255;0.2672695;0.302573;0.3023454;0.2758083;0.3043406;0.3015137;0.283972;0.3091779;0.3000758;0.2655153;0.306027;0.3008094;0.3029806;0.2609146;0.3137249;0.3033501;0.3108275;0.2951201;0.3017281;0.3159692;0.2757284;0.3144424;0.301369;0.3086307;0.3128009;0.2688944;0.288916;0.2957907;0.314373;0.3058005;0.3041855;0.30146;0.3029051;0.2884353;0.2988432;0.2879608;0.3101233;0.3063488;0.3071028;0.3017578;0.3112772;0.2994993;0.2900562;0.2999768;0.2959141;0.2790447;0.2684625;0.2819175;0.2998323;0.3071399;0.3069401;0.2785236;0.2682254;0.3036104;0.3068471;0.3039288;0.3092104;0.2966391;0.2867049;0.3025266;0.3020262;0.2821522;0.2840665;0.294163;0.3076786;0.2716554;0.3035652;0.3095058;0.2970298;0.2885522;0.296193;0.2911055;0.2726563;0.3020062;0.3060989;0.2926522;0.3099393;0.3112298;0.309432;0.3032488;0.3015838;0.3060599;0.2716633;0.3013106;0.2963094;0.2696864;0.2960448;0.2677619;0.3026745;0.2862816;0.3081124;0.285781;0.30568;0.3157504;0.3020406;0.2777464;0.2994896;0.2998363;0.2757058;0.30401;0.3039874;0.2984064;0.3111312;0.3025979;0.297952;0.2867902;0.3025661;0.3011297;0.301792;0.3079831;0.2975308;0.3051541;0.2734692;0.3051555;0.3043028;0.305702;0.310362;0.2838813;0.3095634;0.295838;0.2799973;0.3034526;0.3112504;0.301758;0.3031716;0.27519;0.3051712;0.3035485;0.299612;0.3059745;0.3009574;0.3076507;0.2734855;0.2711961;0.2995711;0.308659;0.3126493;0.3095663;0.3015382;0.2999749;0.281642;0.3020627;0.3082967;0.3153934;0.3077995;0.2601824;0.3107665;0.2753997;0.3020082;0.3020687;0.3022138;0.3007962;0.2971873;0.2887616;0.308393;0.299653;0.3111982;0.3026329;0.3085311;0.2807993;0.3037951;0.2852769;0.311729;0.2921682;0.3179914;0.3024655;0.2848967;0.2895136;0.3014599;0.3012623;0.3015883;0.2985311;0.2961816;0.3039743;0.2981109;0.3079592;0.3054007;0.2850507;0.305562;0.2999957;0.3069215;0.2825227;0.3130089;0.3033266;0.30755;0.3014304;0.2979515;0.3023946;0.3046158;0.3060734;0.2798697;0.3127072;0.3029851;0.3019769;0.3048966;0.3018055;0.2997948;0.3057058;0.3007812;0.3019007;0.2705194;0.2676851;0.2722811;0.3008907;0.2814642;0.2785057;0.3064698;0.2799799;0.3049998;0.3033741;0.2836182;0.31215;0.2765227;0.3040265;0.2829918;0.3012973;0.3027984;0.3048639;0.2999085;0.3115475;0.2722184;0.3037169;0.287939;0.3005033;0.3003205;0.3072799;0.2995913;0.2504353;0.2972123;0.3046126;0.2787887;0.3151348;0.28317;0.309973;0.30213;0.2876806;0.2830033;0.3084208;0.302923;0.2821193;0.2856739;0.3005243;0.3043436;0.3098477;0.3050932;0.3043262;0.3110273;0.3091144;0.2810797;0.2700427;0.2860545;0.2734301;0.3042647;0.301026;0.3031969;0.2982903;0.2846874;0.3020355;0.3093638;0.2895553;0.2522063;0.3126215;0.2707791;0.2721647;0.2990969;0.2965171;0.297835;0.3111435;0.3122954;0.2837643;0.2996498;0.3058774;0.3031835;0.30784;0.3100843;0.3103873;0.2926986;0.3071333;0.2985793;0.3099865;0.3007396;0.2875079;0.3018724;0.3005719;0.3045269;0.3076121;0.2904234;0.299567;0.2812032;0.3086482;0.2854583;0.3075017;0.3034958;0.2998346;0.2927253;0.3020233;0.3041426;0.3040475;0.3086804;0.313935;0.3078858;0.3117806;0.2838377;0.2982063;0.3161297;0.2975473;0.3107591;0.2958257;0.2902999;0.300547;0.2931499;0.295921;0.305994;0.2808484;0.3088652;0.3042783;0.3100822;0.2874143;0.3087943;0.2979451;0.3115866;0.3000552;0.2651302;0.3141452;0.2995933;0.3046042;0.3138429;0.2902955;0.3169257;0.2971128;0.3112542;0.2789755;0.312734;0.3085184;0.3061063;0.297993;0.3096852;0.2911318;0.2961814;0.3081134;0.309718;0.2611839;0.3126031;0.2975963;0.2941498;0.3109203;0.3064641;0.304098;0.2831046;0.3139102;0.2996005;0.3103905;0.306514;0.3120686;0.3043161;0.2887543;0.2656805;0.3009803;0.2854858;0.2705612;0.2678453;0.2819134;0.3039093;0.300819;0.3005174;0.3080223;0.2789775;0.3078619;0.3113691;0.2917228;0.3060721;0.3039985;0.3113925;0.2812729;0.3050172;0.3017298;0.2820016;0.301324;0.2810654;0.2806768;0.3018246;0.3023647;0.3039469;0.2837552;0.2798494;0.2975752;0.2963892;0.2899568;0.2847366;0.3014698;0.3037517;0.2829715;0.3055732;0.307946;0.2956139;0.3031555;0.2898378;0.3037222;0.2836292;0.3027419;0.3107775;0.3120976;0.3072455;0.3012094;0.3074761;0.2720293;0.2956006;0.2890749;0.280748;0.3060304;0.2768833;0.3019218;0.2982905;0.2872654;0.2768285;0.3071635;0.3023992;0.3065923;0.3067316;0.3064465;0.3006353;0.3053972;0.2964023;0.3002695;0.3041772;0.3032291;0.307433;0.3001388;0.284246;0.3165047;0.2708264;0.2720574;0.2719123;0.3062755;0.302781;0.3043208;0.3003763;0.2969904;0.2737226;0.3039198;0.305508;0.3044029;0.3049467;0.2930553;0.3033938;0.3129071;0.29064;0.3031556;0.3036274;0.2994334;0.3025395;0.3046908;0.3036001;0.3097946;0.305894;0.3022376;0.3070896;0.3056438;0.2877921;0.2968155;0.3102672;0.2791931;0.3115039;0.2918647;0.2981483;0.3077755;0.301122;0.2816375;0.2742379;0.3048241;0.2792805;0.3002593;0.3030602;0.3065981;0.3038622;0.287912;0.3101499;0.2941917;0.3007657;0.3075622;0.2910374;0.2657297;0.2918836;0.3083122;0.3105092;0.2832433;0.2812558;0.3101749;0.3094057;0.2613616;0.3031399;0.3015503;0.2998778;0.3058143;0.2985995;0.299603;0.3059845;0.3062667;0.2826661;0.3139152;0.2892126;0.3014178;0.289343;0.2693654;0.2633173;0.3011041;0.2866099;0.2990489;0.3111363;0.3105093;0.2960762;0.2998289;0.3097575;0.2706526;0.2724857;0.3118502;0.2698674;0.308547;0.3012673;0.3002118;0.3029152;0.299438;0.3040768;0.3104277;0.3020962;0.292014;0.312644;0.2968241;0.307557;0.3003884;0.2853558;0.2868461;0.3087429;0.3129127;0.303111;0.3034832;0.2827562;0.3067382;0.2764014;0.30376;0.2842977;0.3001843;0.2984602;0.3008054;0.3028679;0.2898142;0.2665222;0.2999608;0.3001623;0.3070828;0.2958572;0.2883216;0.2989339;0.3111263;0.3035173;0.3031631;0.3032202;0.3067725;0.294343;0.3065211;0.3010325;0.3035089;0.3011813;0.2892851;0.3034123;0.3039839;0.3059452;0.2621106;0.2983373;0.3079665;0.3023031;0.3011284;0.2836277;0.3116215;0.2909179;0.3109199;0.3122445;0.3040431;0.2969649;0.3022219;0.3116636;0.2989668;0.3028648;0.2767951;0.2830899;0.2845025;0.3150109;0.3069879;0.3090445;0.2923093;0.2673009;0.3035514;0.299752;0.2974902;0.3071509;0.3039524;0.3104093;0.3041914;0.2853461;0.2851098;0.304694;0.3093168;0.2956021;0.2999051;0.2802534;0.2659211;0.2694324;0.256428;0.3107181;0.3010126;0.2772364;0.3128568;0.3051527;0.3135995;0.3018094;0.2893119;0.3087638;0.3027427;0.3027397;0.2955582;0.2914104;0.3064916;0.3101979;0.3110176;0.2800549;0.3044343;0.3027766;0.2958202;0.267022;0.2735312;0.2874106;0.2919145;0.3043935;0.3039673;0.3026927;0.3033429;0.2997146;0.2997146;0.3069584;0.299629;0.2850313;0.3081715;0.3137584;0.3005535;0.2812015;0.2694016;0.3046569;0.3061537;0.3021529;0.3099589;0.304648;0.3040077;0.3002394;0.2558039;0.3133116;0.3142792;0.3125761;0.2815573;0.3143209;0.2936702;0.2836482;0.3026634;0.2703221;0.3025169;0.3097221;0.2768348;0.2667177;0.3088271;0.2770859;0.2561483;0.2898156;0.2882841;0.3062014;0.3050695;0.2992248;0.3026676;0.3042487;0.3071612;0.292754;0.2581632;0.3044409;0.2779866;0.3165057;0.2726485;0.3122401;0.3030455;0.3004255;0.3051835;0.3077866;0.3042824;0.3060688;0.3015032;0.2906722;0.2886297;0.2964381;0.3075723;0.2868527;0.3053656;0.3094343;0.2648584;0.3076736;0.3022226;0.3081214;0.2959185;0.2645446;0.3020902;0.2817643;0.2906274;0.315492;0.3037249;0.3075078;0.3048458;0.3064834;0.294732;0.3011347;0.277861;0.3160199;0.3126597;0.2948478;0.2876077;0.2772515;0.2854491;0.3075971;0.3039459;0.3034084;0.2999666;0.3062535;0.3058301;0.287332;0.3121719;0.2852587;0.2988929;0.3078704;0.2863621;0.2921087;0.2975142;0.2915561;0.2782932;0.3038169;0.2970896;0.2806715;0.30216;0.3030105;0.2817865;0.2811432;0.3013198;0.3113704;0.2974618;0.3055954;0.3054004;0.2878723;0.3057624;0.3115095;0.2990019;0.2971436;0.2997878;0.281515;0.2943562;0.3078575;0.3018921;0.2988745;0.3108214;0.3025062;0.2844965;0.2686287;0.2702634;0.3015646;0.302425;0.3016352;0.2677252;0.307418;0.3116186;0.2798845;0.3032596;0.3114995;0.2999306;0.2867188;0.3060967;0.2733312;0.2689985;0.3125994;0.303149;0.3016226;0.3119498;0.2788834;0.3014246;0.315881;0.304788;0.2934611;0.3078181;0.309043;0.3015214;0.3070734;0.2976724;0.3151467;0.3011884;0.2952544;0.3114882;0.2903549;0.2970492;0.3110172;0.2886662;0.3004756;0.2961676;0.3063538;0.3005325;0.2671815;0.3020144;0.3162944;0.2983574;0.2903834;0.3033175;0.3008372;0.2945159;0.3098924;0.2866621;0.3007372;0.301886;0.2881947;0.2851079;0.3054979;0.2983166;0.2934745;0.2658134;0.3019639;0.2999516;0.2996097;0.2898709;0.3038194;0.2875995;0.3064379;0.314027;0.2679354;0.2979046;0.3056348;0.3002094;0.2991595;0.2878844;0.2988112;0.2931157;0.2884648;0.3103614;0.3061099;0.2791467;0.2807332;0.3047794;0.2751777;0.2642773;0.2841164;0.2836358;0.3136549;0.2836694;0.3125477;0.2905413;0.2986163;0.2814288;0.2698516;0.2699204;0.3035713;0.3006427;0.271556;0.3123091;0.3009781;0.2991062;0.3104796;0.2947979;0.3075078;0.2658927;0.3117285;0.3064511;0.3036746;0.3012905;0.2838207;0.3002616;0.3089936;0.2992051;0.2827618;0.3075864;0.3092002;0.3028576;0.3069416;0.3054584;0.3048627;0.2782139;0.3012418;0.3027281;0.3110619;0.3059676;0.2861448;0.3068611;0.29384;0.3039831;0.2976968;0.2862651;0.3017331;0.3019764;0.3025103;0.2798167;0.303719;0.2611619;0.2745196;0.2709879;0.2910489;0.3069287;0.2617091;0.2973382;0.300948;0.2995279;0.3116707;0.2926275;0.3110439;0.2892782;0.2868072;0.3097891;0.3021425;0.2848834;0.3169687;0.3135277;0.290621;0.3017502;0.289624;0.3150532;0.301944;0.282107;0.3050443;0.2961881;0.3069064;0.3078051;0.2941281;0.2980909;0.2725863;0.2987351;0.286057;0.3110255;0.2806645;0.3128797;0.2975767;0.3160638;0.2678882;0.2829919;0.3013657;0.3045045;0.3094879;0.3048524;0.2737171;0.3022013;0.2951694;0.3009415;0.3092114;0.2703162;0.2909937;0.2884238;0.308611;0.3122078;0.2689937;0.3134773;0.294084;0.3051864;0.2809191;0.2927997;0.3089082;0.3008531;0.3030145;0.2981987;0.314806;0.2988826;0.2917328;0.2888146;0.2754674;0.2683093;0.2822749;0.2748299;0.3006752;0.281249;0.3164269;0.313066;0.3015798;0.2806009;0.2992756;0.2999009;0.2629292;0.3141955;0.3145267;0.303293;0.3068869;0.2927193;0.3056819;0.3016579;0.3086497;0.3111945;0.3079197;0.2854437;0.2766996;0.2851169;0.3063111;0.2957569;0.3071288;0.3094819;0.3003706;0.3125188;0.3038368;0.2829959;0.279825;0.3017611;0.3092385;0.2881389;0.3042524;0.3193649;0.3030788;0.3032882;0.30438;0.3027377;0.299266;0.3048391;0.2985947;0.3016441;0.2996846;0.2981836;0.3061612;0.3037081;0.3003688;0.2984519;0.2776657;0.3110684;0.2770249;0.3054794;0.3129911;0.2791086;0.2971676;0.3066007;0.2835803;0.3106851;0.2837124;0.3095519;0.2962815;0.3089354;0.3115494;0.2917769;0.2781972;0.2783214;0.3012574;0.3078963;0.3187941;0.30323;0.2994204;0.297873;0.3054484;0.2897466;0.2837746;0.3029003;0.2814888;0.3157461;0.2836977;0.2851154;0.3082197;0.3065307;0.3053111;0.3044926;0.3027337;0.3038925;0.2999862;0.2718788;0.2551523;0.31292;0.3091403;0.2957324;0.2737495;0.2683387;0.309719;0.2987875;0.3019531;0.3092483;0.278273;0.3123925;0.3121678;0.2916921;0.2938919;0.3140161;0.2747239;0.2816809;0.3056015;0.2891159;0.25387;0.2668894;0.2828299;0.2849131;0.2602598;0.3019648;0.2658978;0.302923;0.2660013;0.300235;0.3055024;0.2949464;0.3146739;0.2966888;0.2647389;0.2840876;0.2902907;0.315394;0.3104267;0.2963397;0.3125087;0.2971848;0.2998848;0.2803373;0.2546545;0.2978033;0.3019679;0.298576;0.2856814;0.2954274;0.3063582;0.2867957;0.3120745;0.2960595;0.3118978;0.2697325;0.3141552;0.2948318;0.3052842;0.2913962;0.3010233;0.2659659;0.3128226;0.2925181;0.2721789;0.2673787;0.3138556;0.2992523;0.2960798;0.3122163;0.2583506;0.3131014;0.301213;0.3018574;0.3008763;0.3004467;0.2916362;0.314378;0.312182;0.2946561;0.2968126;0.3005736;0.288905;0.2655711;0.3138396;0.2835428;0.3076296;0.3081327;0.2941508;0.2997221;0.2876906;0.3115745;0.3108562;0.3049081;0.2776702;0.2546192;0.3025348;0.3088167;0.2931821;0.3044487;0.3159907;0.3075291;0.3125561;0.2896892;0.2857296;0.3031857;0.2984539;0.2904703;0.299516;0.2978223;0.2666019;0.3120856;0.3006728;0.3010137;0.3043508;0.299939;0.3033494;0.3021106;0.2652024;0.2563587;0.3130041;0.2996931;0.3048925;0.3005563;0.3054124;0.3047188;0.3104202;0.3063627;0.2749932;0.2670947;0.3138788;0.3111485;0.3096706;0.3067651;0.3014725;0.300725;0.2810411;0.3051634;0.300916;0.3018744;0.2952584;0.300608;0.3083961;0.3044731;0.3037816;0.3027059;0.2992664;0.2941739;0.3096657;0.2844879;0.28299;0.3018965;0.285042;0.2704621;0.2863131;0.2934068;0.3183867;0.2900125;0.2742406;0.2726989;0.3072399;0.2870932;0.3032555;0.3018204;0.3010015;0.3118544;0.30236;0.3016923;0.2875424;0.3065049;0.3022724;0.3017277;0.2992448;0.309688;0.3102604;0.3060443;0.2973845;0.2554981;0.304118;0.2873318;0.2761258;0.3046853;0.2647191;0.2988482;0.2843589;0.3132189;0.2836536;0.3017085;0.3023686;0.3093585;0.2802289;0.3043778;0.2838748;0.2876193;0.3075145;0.2742502;0.2969307;0.2769538;0.28195;0.282581;0.2878485;0.3115926;0.2917927;0.3099636;0.3030393;0.2997201;0.3054563;0.2951804;0.2944905;0.3066701;0.3171601;0.2766676;0.3084674;0.3084413;0.3018284;0.2989239;0.309464;0.2764904;0.267199;0.3073051;0.3111223;0.2881784;0.2962077;0.3061491;0.3024938;0.3114804;0.3034015;0.3019557;0.2895997;0.3031185;0.3058546;0.3100924;0.2899277;0.2823085;0.3059887;0.2756289;0.2834777;0.2852941;0.3156544;0.3074704;0.2810711;0.3021186;0.315651;0.3074676;0.3031465;0.3098385;0.3045362;0.2943793;0.3016712;0.3041702;0.3057713;0.3062676;0.2775508;0.3045645;0.2974539;0.2878414;0.2972369;0.3046751;0.2990707;0.2626473;0.3070458;0.3058705;0.2699111;0.2828287;0.2996698;0.3120491;0.2928588;0.305207;0.304694;0.3081903;0.2976317;0.2833988;0.3133105;0.3034948;0.3127612;0.3116956;0.3045307;0.3050615;0.2856001;0.2982925;0.2995928;0.3047814;0.2807266;0.2525991;0.2983798;0.3095612;0.305234;0.2889012;0.3074176;0.3088226;0.2867028;0.3036053;0.2782253;0.3109628;0.3099739;0.2832698;0.2809698;0.3004246;0.296984;0.2875391;0.3057227;0.2933509;0.3039063;0.2700848;0.2569605;0.2969187;0.3052866;0.3030269;0.3005987;0.2987884;0.2942429;0.2973342;0.267894;0.3146569;0.2687474;0.2686889;0.29785;0.2782198;0.2976305;0.2786948;0.2673289;0.3015629;0.2986769;0.2860593;0.2873016;0.2951779;0.2781969;0.2902969;0.3013684;0.2985745;0.2881345;0.3044533;0.283731;0.2655769;0.2835799;0.294588;0.3077964;0.2991958;0.313637;0.2788645;0.2722011;0.3069891;0.3116464;0.3125227;0.2930125;0.2786672;0.2905069;0.3094213;0.2999217;0.3050711;0.2962868;0.3023386;0.2985917;0.302291;0.3081662;0.2735379;0.2908506;0.3100865;0.3051653;0.2853792;0.2870547;0.30562;0.2997365;0.3012005;0.3110963;0.30629;0.3011282;0.2505602;0.302746;0.3036876;0.3015057;0.2687717;0.2734264;0.2700477;0.3094277;0.3031558;0.3072324;0.300882;0.2835611;0.3038633;0.315502;0.3026251;0.2768985;0.2762346;0.3034748;0.3053782;0.3122567;0.3101963;0.296147;0.3109609;0.2738578;0.2995666;0.2800975;0.2840763;0.2999402;0.2929282;0.3149036;0.3043456;0.3112288;0.3030555;0.3103331;0.3021846;0.3019778;0.3029323;0.2942114;0.3107536;0.2594176;0.2682401;0.2823115;0.284625;0.3041275;0.301371;0.3025025;0.2969425;0.3164249;0.3010377;0.3124061;0.2934193;0.2938828;0.294718;0.3037112;0.2884871;0.269004;0.3113689;0.3031721;0.3096855;0.2786864;0.2853079;0.3073422;0.2755523;0.2662517;0.2831623;0.3129784;0.3052312;0.3008274;0.3089119;0.2813576;0.3013193;0.2554478;0.3036369;0.2687488;0.3023287;0.2838138;0.3002111;0.2983082;0.2725479;0.2979487;0.3058539;0.2802467;0.2671;0.2974329;0.3106786;0.3058883;0.2987017;0.3064562;0.2737442;0.269495;0.2880098;0.2870502;0.314081;0.2743153;0.3036271;0.3002986;0.3011206;0.297073;0.2872309;0.2986911;0.3039424;0.3023096;0.290336;0.3152044;0.2973004;0.3046077;0.3031482;0.2877523;0.2847193;0.3029258;0.3011388;0.3031564;0.3030905;0.3058194;0.2775068;0.2668387;0.302248;0.3011214;0.2917677;0.3033826;0.303841;0.3070382;0.2851891;0.2810856;0.3136773;0.2787705;0.2985;0.2805828;0.2707543;0.3041865;0.2650794;0.3038417;0.3132727;0.3123711;0.3029984;0.2884448;0.3000824;0.3151461;0.2732472;0.2826169;0.3108159;0.288224;0.2616206;0.2586641;0.3119181;0.3054044;0.2879929;0.2713417;0.2862081;0.2913306;0.3155362;0.2987261;0.3029846;0.3031421;0.2854006;0.2874485;0.2990318;0.3057124;0.2871372;0.2798824;0.315798;0.2845786;0.2994718;0.2867711;0.3015178;0.2816653;0.2806356;0.3046583;0.301849;0.2832703;0.3073868;0.3040686;0.3123964;0.3032998;0.3043598;0.3004663;0.3075052;0.3001688;0.2996102;0.3089207;0.3077212;0.3036671;0.3032928;0.2886213;0.3074899;0.3020726;0.3081227;0.2919118;0.2995835;0.2794878;0.2799635;0.2998526;0.3047553;0.3052595;0.3095922;0.3037724;0.3022539;0.2948144;0.3107051;0.3052812;0.2968092;0.2675938;0.3062711;0.307816;0.3087438;0.2615102;0.2985671;0.3006883;0.2971491;0.2945401;0.3151401;0.2984269;0.3008471;0.3024179;0.3006786;0.3062919;0.2979255;0.310208;0.309404;0.3020174;0.2821224;0.3142691;0.311202;0.3036776;0.3089862;0.2935755;0.3050365;0.2795062;0.2983742;0.300739;0.3007499;0.3144313;0.3053388;0.272773;0.3021585;0.2623264;0.3117342;0.2933426;0.3038052;0.3012998;0.3070869;0.2938998;0.3000052;0.3030167;0.2808581;0.2880758;0.2894769;0.3033963;0.3099886;0.3069191;0.3013994;0.2998522;0.3052744;0.2796312;0.2823773;0.2905498;0.3157479;0.3130803;0.2903644;0.2660617;0.2896109;0.2957798;0.3148234;0.3075549;0.30181;0.3085885;0.2883999;0.3021179;0.2932726;0.306459;0.3006752;0.278443;0.3060263;0.3183744;0.2815727;0.3007967;0.2952717;0.3146831;0.2942816;0.3101435;0.3036392;0.2801476;0.310602;0.3003285;0.3113346;0.2843919;0.3107745;0.2952046;0.287172;0.3015107;0.2986794;0.3046186;0.3048176;0.3102376;0.300329;0.2915951;0.2666433;0.2819635;0.3110783;0.2882527;0.299973;0.2953368;0.3001496;0.3072118;0.2906491;0.3055375;0.3102117;0.3054843;0.3097989;0.2528628;0.2905876;0.2748113;0.3095011;0.3031206;0.3014691;0.3105802;0.3025489;0.3144478;0.2990034;0.3040894;0.28252;0.2659067;0.2621895;0.3113624;0.2790911;0.3137791;0.3045692;0.2730102;0.309394;0.3069072;0.2914928;0.3066754;0.3094582;0.3116139;0.3025207;0.2756468;0.2907033;0.2884475;0.2921285;0.2983052;0.2795057;0.3028656;0.3007374;0.2975738;0.3113284;0.3107637;0.303862;0.3019626;0.3056807;0.303546;0.2776261;0.3021129;0.3086189;0.2999581;0.2859215;0.3025029;0.3056276;0.2681577;0.3134003;0.2951711;0.3139251;0.3057432;0.2800969;0.3019454;0.3032838;0.2991965;0.305146;0.3010963;0.3109341;0.3097154;0.2935222;0.3123652;0.3049537;0.299969;0.2935465;0.3035062;0.2969035;0.2994218;0.2775894;0.3137912;0.3024411;0.2842764;0.2878759;0.3094973;0.3008256;0.3022783;0.308136;0.2966918;0.2635356;0.289677;0.3117687;0.3044269;0.3072636;0.305492;0.296788;0.3041551;0.2968591;0.3157248;0.3103285;0.3057882;0.2999993;0.3014791;0.289161;0.2794341;0.3060495;0.302279;0.3097216;0.2872406;0.2872375;0.3026618;0.3054112;0.3001168;0.3018736;0.2655501;0.3120724;0.2950898;0.3039803;0.3010884;0.2814028;0.3043791;0.300422;0.2869467;0.302678;0.3037311;0.2989634;0.3120103;0.3113344;0.3115522;0.3051549;0.3001587;0.3061877;0.2875589;0.2594248;0.3154456;0.2811875;0.309732;0.2948788;0.2922784;0.2700712;0.2988817;0.3088522;0.2764245;0.2748507;0.255511;0.3030756;0.2967293;0.3041524;0.2846035;0.2678252;0.3136711;0.3038161;0.2886317;0.3004559;0.2855035;0.2671932;0.2649278;0.2828745;0.2995656;0.3076061;0.3115669;0.2839918;0.3080821;0.2986151;0.3060107;0.2825841;0.3126006;0.3057725;0.3078353;0.2994975;0.3090394;0.2958671;0.3102863;0.3011032;0.3087559;0.3083924;0.3070361;0.2617672;0.3003621;0.2934389;0.3147233;0.2678145;0.3139743;0.3096406;0.2598567;0.2698056;0.3112571;0.2846888;0.2850361;0.3127189;0.3054275;0.2883513;0.3055584;0.2879457;0.3041627;0.3075327;0.3010374;0.3005057;0.2966541;0.2621577;0.2849871;0.2855037;0.3056811;0.2883932;0.2837827;0.2979092;0.302949;0.2966556;0.2973319;0.3115106;0.312658;0.3129948;0.2933093;0.3079063;0.2766556;0.3076269;0.3139014;0.2987169;0.2684254;0.3087072;0.3095552;0.2727322;0.2907939;0.2648206;0.3111593;0.2797144;0.2616719;0.3050283;0.2964194;0.2746338;0.3039472;0.2555363;0.3136241;0.3047183;0.3045449;0.3059821;0.2860823;0.294232;0.3112525;0.3052947;0.2875904;0.3062417;0.3090943;0.3005804;0.2860789;0.3036314;0.2959825;0.3023075;0.3021629;0.268571;0.3089412;0.2960534;0.300602;0.2914324;0.3025281;0.2981971;0.2874029;0.3019147;0.2920487;0.3077107;0.285703;0.2684376;0.3089925;0.2907244;0.3032851;0.29684;0.3109763;0.30232;0.3038701;0.30022;0.3071307;0.3047249;0.3060376;0.2790816;0.3040216;0.285832;0.3044365;0.2862736;0.2672565;0.3070318;0.3093687;0.3074707;0.2889412;0.3069732;0.3045665;0.3051761;0.3009751;0.3006632;0.3057778;0.2880039;0.2675688;0.2982623;0.3008782;0.3005643;0.2844872;0.2961769;0.2952751;0.2824013;0.2922164;0.3022046;0.2934979;0.3000873;0.3008124;0.3028753;0.3080468;0.3083994;0.2803048;0.3093842;0.3020816;0.3027289;0.2774469;0.3145368;0.2741058;0.3146303;0.3027973;0.3063848;0.3017353;0.2982191;0.3016588;0.2942168;0.2688926;0.298801;0.2797091;0.3012099;0.29708;0.3173274;0.3092052;0.3061393;0.3015272;0.3011452;0.2815255;0.3134952;0.3060511;0.2964447;0.3003222;0.3009932;0.3019036;0.3008049;0.2980374;0.2982793;0.3177856;0.3073657;0.2851904;0.3015344;0.3013298;0.303496;0.3040027;0.3006291;0.305293;0.3011593;0.3032221;0.3050483;0.2920249;0.301022;0.2995754;0.3022065;0.3033853;0.278594;0.3063447;0.2779078;0.3001435;0.3057382;0.2698713;0.305005;0.255653;0.2723269;0.3072187;0.2988172;0.275275;0.3005193;0.261915;0.2742223;0.2875974;0.3000882;0.312542;0.3064721;0.3062595;0.27899;0.2961631;0.2910185;0.3017568;0.2983298;0.3075926;0.3036722;0.2825842;0.3035374;0.3115008;0.3054244;0.3118099;0.2632311;0.3027226;0.3041964;0.3027116;0.2776942;0.2804343;0.3040384;0.3052811;0.3134633;0.3027467;0.3076234;0.2958134;0.287554;0.3076523;0.291143;0.3053461;0.3161455;0.3068643;0.3037575;0.2880262;0.3085165;0.2693194;0.3072698;0.3021268;0.3028734;0.3060777;0.2939;0.2976216;0.2997644;0.28062;0.307457;0.2959515;0.3081152;0.3127608;0.2917601;0.2935224;0.3005515;0.3036676;0.3077542;0.2886055;0.3172867;0.2982844;0.3027365;0.2861028;0.300472;0.2999655;0.3016518;0.3035906;0.2872095;0.3015072;0.3091262;0.3048099;0.3048103;0.2630296;0.2979321;0.3073801;0.3074814;0.2962913;0.3115908;0.2963418;0.2995457;0.2778158;0.2834748;0.3156306;0.3026468;0.2808807;0.292087;0.318179;0.3137113;0.3041344;0.2756153;0.315897;0.3040372;0.2872009;0.3073162;0.2865347;0.2941895;0.2968617;0.3018134;0.3071252;0.2944504;0.3071229;0.3107878;0.2801764;0.2604649;0.3137935;0.3002762;0.3074601;0.2856734;0.3009883;0.3001569;0.2989751;0.3013014;0.2839726;0.284126;0.299235;0.2895434;0.3024275;0.2990376;0.3024508;0.3030422;0.2657055;0.2650936;0.3104139;0.3046985;0.3063713;0.291839;0.3074393;0.3158095;0.2834201;0.2784626;0.3027292;0.3037256;0.3109933;0.2841826;0.299242;0.3073874;0.272886;0.2983369;0.3050887;0.2953283;0.3096955;0.2982496;0.2951176;0.3039656;0.3119285;0.2994812;0.3150879;0.2833925;0.304346;0.2823177;0.2979515;0.2774834;0.3088742;0.3110353;0.3049891;0.3040949;0.2856562;0.2983688;0.2963025;0.3063384;0.2737502;0.2711618;0.3067009;0.2874922;0.2989999;0.3034556;0.2888525;0.2683102;0.2989458;0.3132749;0.3052594;0.2790895;0.3158541;0.312247;0.2747293;0.3123248;0.2790476;0.297682;0.3095357;0.3059744;0.2716015;0.2990088;0.3062669;0.3063521;0.3030962;0.3034833;0.276873;0.3011216;0.3058326;0.3047214;0.3057128;0.3082702;0.2924239;0.3018334;0.3063699;0.2989193;0.3087003;0.3141026;0.3014907;0.2867068;0.2637688;0.3075605;0.2775451;0.3008307;0.3008082;0.302644;0.2646006;0.3142424;0.3096789;0.3017796;0.2827856;0.3165828;0.2977841;0.3068624;0.262807;0.2991701;0.2999613;0.3047842;0.3066216;0.2863061;0.3045183;0.3142926;0.2765091;0.2862368;0.2858742;0.2684103;0.3048998;0.2852407;0.2691934;0.2638538;0.3137836;0.3069006;0.2974857;0.2986953;0.3129669;0.3047308;0.3055481;0.307306;0.2838635;0.3143061;0.3055744;0.301595;0.3137713;0.2798206;0.2895273;0.29842;0.3030809;0.3007009;0.3101984;0.2737451;0.2723512;0.3039633;0.3076861;0.3008301;0.2768433;0.3065672;0.2980496;0.3041848;0.311177;0.2726604;0.2994442;0.2778981;0.3057626;0.3082457;0.2939547;0.2880454;0.308264;0.2878467;0.2714108;0.3115499;0.2837674;0.3081536;0.2750558;0.271455;0.2869214;0.308683;0.3078524;0.3060631;0.2985871;0.2822926;0.3020063;0.3096279;0.2804874;0.2852561;0.3142601;0.2836607;0.3071058;0.2841812;0.2986436;0.2822384;0.3037242;0.300872;0.2717095;0.3128177;0.2728726;0.2716607;0.2984446;0.3001228;0.2907376;0.3022562;0.2605335;0.3018228;0.3088282;0.2810143;0.3015636;0.3072762;0.3046201;0.3048397;0.2846176;0.2516071;0.3123233;0.2698672;0.281607;0.2997074;0.3120379;0.3097659;0.2810607;0.3127664;0.3048705;0.3041465;0.2856238;0.3054905;0.3043697;0.3089356;0.3021381;0.3012179;0.3029295;0.3001572;0.289894;0.3104968;0.2776141;0.2605786;0.3006205;0.3029384;0.2980729;0.3056097;0.297509;0.3001859;0.3005559;0.2995854;0.2999201;0.2563791;0.2900683;0.2753056;0.2962511;0.3031421;0.2810244;0.2652326;0.270135;0.2562907;0.2996446;0.3141266;0.3001477;0.3102478;0.271662;0.3020201;0.302174;0.3025471;0.3078496;0.2869852;0.2953804;0.3049009;0.303002;0.3078451;0.2858522;0.3033863;0.3112918;0.2699999;0.267482;0.2716681;0.3133301;0.2747537;0.2824017;0.2994405;0.311532;0.2858029;0.3028208;0.2979257;0.2686267;0.3058386;0.2869443;0.2909334;0.3158374;0.2975226;0.2906014;0.3117197;0.3021175;0.3015539;0.2996154;0.2962827;0.3090937;0.3011639;0.3036568;0.285971;0.3019245;0.3028487;0.2734158;0.3003451;0.3087644;0.2539484;0.3129036;0.3031605;0.2985987;0.2818352;0.3036665;0.3012952;0.3047611;0.3048264;0.2814832;0.3159758;0.3072616;0.2965891;0.2620739;0.3135605;0.3089716;0.30812;0.285064;0.2839602;0.31323;0.2583961;0.3018029;0.3012042;0.2831688;0.3130392;0.3016197;0.3018286;0.2885543;0.2977238;0.2953689;0.313714;0.2976967;0.2680008;0.2871604;0.3009198;0.2777788;0.3146368;0.3052063;0.2817446;0.2845096;0.27422;0.3147976;0.2690101;0.2685313;0.3133886;0.2912884;0.309453;0.3025679;0.2848617;0.2606922;0.314441;0.3025651;0.3049832;0.297489;0.3009974;0.3094385;0.295439;0.3158944;0.29848;0.3009678;0.2781044;0.3027745;0.3098059;0.2797458;0.2823888;0.3043639;0.3068728;0.3062788;0.3028923;0.2990618;0.303912;0.3091377;0.3089198;0.2936254;0.3002071;0.2867374;0.3141689;0.3041393;0.3008355;0.2987961;0.3017755;0.2786347;0.2683908;0.3059134;0.2786417;0.2646611;0.3092405;0.3083276;0.2983244;0.2814291;0.3115;0.3037561;0.3069045;0.3077411;0.3056207;0.2742296;0.3036438;0.2948595;0.2929747;0.2746549;0.268715;0.306843;0.3076311;0.2929822;0.3046937;0.295177;0.3080797;0.2924568;0.3003955;0.2792296;0.3091784;0.3084411;0.3090296;0.299391;0.2782876;0.2798555;0.3084445;0.2621157;0.2825522;0.2902525;0.3027987;0.3095733;0.3081169;0.2938924;0.3051984;0.2761484;0.2879023;0.3092331;0.3046822;0.3067839;0.3047899;0.3078788;0.301874;0.3084416;0.3035056;0.2998389;0.2614755;0.2978869;0.3074702;0.3090882;0.2989748;0.2544177;0.2982038;0.2653818;0.3123262;0.3061011;0.2991369;0.302014;0.2942693;0.2965167;0.2907074;0.2984598;0.2880527;0.2987093;0.3048949;0.3022694;0.2952804;0.3162652;0.295103;0.3016037;0.3003998;0.3113278;0.3049105;0.2730916;0.3135194;0.2796536;0.3046139;0.2898543;0.2519331;0.2716253;0.3003253;0.308009;0.3084154;0.3085561;0.2819666;0.3000763;0.2631256;0.28262;0.2998703;0.3107982;0.2947514;0.3073393;0.3019012;0.3033092;0.3049392;0.303798;0.2761409;0.303142;0.290804;0.3046255;0.3075277;0.3056964;0.2865185;0.3020051;0.2878337;0.3031147;0.3052817;0.2899271;0.2587625;0.31196;0.3117586;0.2956309;0.3127567;0.2972319;0.2878156;0.2759141;0.3134686;0.3089642;0.3067225;0.3023658;0.3061832;0.3000823;0.3014223;0.306905;0.2736237;0.2988302;0.3081323;0.3039662;0.3003616;0.2905713;0.288844;0.3088741;0.3007559;0.3094226;0.2760013;0.2958426;0.3099779;0.3125489;0.3121468;0.2914614;0.3042625;0.3079127;0.2931919;0.3009982;0.3141441;0.2974276;0.3147912;0.3051509;0.2959223;0.3042707;0.3040264;0.2871462;0.3022607;0.301844;0.3094253;0.3031859;0.2921172;0.265548;0.3022997;0.2818083;0.3032117;0.290379;0.28873;0.2886953;0.302726;0.2849578;0.309028;0.3003591;0.315213;0.3042234;0.2862816;0.3066368;0.3035561;0.309518;0.2864264;0.3088945;0.3015081;0.2817815;0.2994579;0.3014008;0.2868071;0.2811339;0.3082313;0.274993;0.3152682;0.2714259;0.3010273;0.2852363;0.3090821;0.3074243;0.2853331;0.2907464;0.2663113;0.3120297;0.3062183;0.3113073;0.2790037;0.3088578;0.3060156;0.2964133;0.3149222;0.3003799;0.2959433;0.2645945;0.3086095;0.2953376;0.2747449;0.2997147;0.3116422;0.3071032;0.3098773;0.3112904;0.3088901;0.3020548;0.3051013;0.2929882;0.2996525;0.2870008;0.3131414;0.3064582;0.2865474;0.3038608;0.2939699;0.3034999;0.3086707;0.2771693;0.310889;0.3073702;0.2855011;0.3005006;0.3036914;0.2840737;0.3074196;0.2669254;0.3125942;0.2927927;0.2718576;0.3025728;0.2814248;0.3007805;0.3032955;0.3021154;0.3079814;0.2971468;0.2910762;0.3002079;0.2981433;0.3055222;0.2973164;0.3122164;0.2837222;0.282879;0.2999143;0.3035929;0.2885686;0.2741394;0.3082752;0.3005515;0.2894747;0.3098747;0.3045445;0.2740893;0.312162;0.3045685;0.3029254;0.3011401;0.2960872;0.3077584;0.3040746;0.2868868;0.3059588;0.3044646;0.2854952;0.2996374;0.3064996;0.2981503;0.3173721;0.2825381;0.3046722;0.3043557;0.2857133;0.2738152;0.2814239;0.3050214;0.2955134;0.2929415;0.3100605;0.3011485;0.3023691;0.2803596;0.297512;0.2923524;0.3115857;0.2984541;0.3003892;0.300943;0.3053163;0.2965938;0.2972879;0.3108339;0.3057514;0.2979895;0.29425;0.318042;0.3049449;0.3010003;0.2992516;0.2887644;0.2938035;0.2976908;0.3045754;0.3152628;0.2907078;0.272773;0.3097282;0.3082395;0.3032631;0.2806283;0.2842383;0.3007381;0.2987626;0.278685;0.302364;0.2989342;0.2731168;0.3035707;0.2672462;0.3074702;0.2992316;0.3094649;0.3033392;0.309501;0.302022;0.3004741;0.3070882;0.2993101;0.3081754;0.3045879;0.3076685;0.2816508;0.308726;0.3051919;0.2911482;0.3081898;0.2604004;0.3056032;0.3030857;0.3002813;0.2780831;0.302322;0.3003526;0.3076786;0.3033055;0.3092372;0.3048474;0.3039989;0.2606741;0.3107269;0.2903048;0.2870543;0.304701;0.2859043;0.3020958;0.2964536;0.289505;0.2818338;0.281149;0.2926263;0.2947516;0.3059527;0.3057773;0.2897974;0.2883434;0.3047421;0.2875004;0.2985023;0.3076716;0.3073207;0.3061557;0.3101275;0.2733339;0.3002293;0.3020775;0.3067546;0.2989804;0.3108058;0.3104175;0.3013236;0.2815894;0.3132922;0.3018966;0.3008891;0.2923326;0.3096766;0.2709334;0.2912088;0.2892434;0.3028535;0.311893;0.3072987;0.3027671;0.3025607;0.2964025;0.2927875;0.3096654;0.3078455;0.2864512;0.3079063;0.2975883;0.3096817;0.3097843;0.2958146;0.2649704;0.3137058;0.3019483;0.3002661;0.3007221;0.3063498;0.2955977;0.2976222;0.3066602;0.3069157;0.3026018;0.3053503;0.2893906;0.3162839;0.3027131;0.2480808
Adaline;BipolarBinaryFunction;-0.8;0.8;0.1;2;1;0.25;1;timeout
Adaline;BipolarBinaryFunction;-0.8;0.8;0.05;2;1;0.25;1;timeout
Adaline;BipolarBinaryFunction;-0.8;0.8;0.01;2;1;0.25;1;timeout
Adaline;BipolarBinaryFunction;-0.5;0.5;1;2;1;0.25;1;167;0.5492197;0.5165979;0.9136883;0.9136882;3.288827;2.114153;2.104959;1.534986;3.604959;3.814878;6.024796;2.209918;4;4.5;5;12;12.75;12.5;15.25;27.5;11;14.5;7.75;2.75;4;3.25;5;5;2.75;5.25;1.75;3.25;4.25;7.25;2.75;1.5;2.75;2.5;1.25;1.25;2;2.75;3.5;3.5;4.25;5.75;7;14.75;10.25;27.5;29.25;38.25;44.75;52.75;83.75;56.5;29.25;15.5;16.25;56.75;95.5;109.75;83.75;83;139.25;139.25;336.75;307.25;781;724.75;697.25;2090.5;1393.75;280;1115.25;557.25;1671.25;1114.75;1672.75;1673;1114.5;1953.25;3349.25;5023;1675.25;6696.75;6696.5;11720.5;13393.5;11716.75;18412.75;15065.75;31804.25;35152.25;41848.75;75328;41850.5;75329;25113.5;33482;50221.25;100438.3;41850;66959.25;92070.25;83701;117184;125555;75332.5;92074.25;226003.3;251111.5;393408;602668.8;602670.8;970970.8;1791276;1272308;970972.8;728229.5;728230.3;1699204;1456459;3641149;2184689;2912918;2427432;4854865;8738756;2912920;1.165168E+07;2.039043E+07;1.165168E+07;8738756;5825839;1.165168E+07;1.165168E+07;2.039044E+07;1.165168E+07;5825841;5825841;1.165168E+07;1.165168E+07;5825839;2.039044E+07;1.747751E+07;2.621627E+07;3.495503E+07;4.36938E+07;2.621628E+07;5.243254E+07;6.991007E+07;3.495503E+07;6.991006E+07;5.243255E+07;4.369379E+07;6.117131E+07;2.621627E+07;1.747752E+07;3.495503E+07;3.495503E+07;6.117131E+07;5.243255E+07;5.243255E+07;5.243255E+07;3.495503E+07;0.25
Adaline;BipolarBinaryFunction;-0.5;0.5;0.9;2;1;0.25;1;5;0.9511678;0.9774343;2.022277;1.162653;0.2496595
Adaline;BipolarBinaryFunction;-0.5;0.5;0.8;2;1;0.25;1;17;0.533744;0.4378039;0.3349771;0.3291292;0.2686171;0.5283492;0.7849211;0.4633106;0.6957858;0.4765981;0.2797813;1.203934;0.5224174;0.9948;0.7932803;0.3547388;0.2267312
Adaline;BipolarBinaryFunction;-0.5;0.5;0.6;2;1;0.25;1;19;0.6420203;0.4564437;0.4010254;0.6639445;0.4051441;0.2702094;0.4558637;0.3136609;0.3377385;0.5553218;0.2728345;0.3994825;0.3775994;0.3415189;0.5589005;0.4561077;0.4944735;0.471086;0.2321595
Adaline;BipolarBinaryFunction;-0.5;0.5;0.5;2;1;0.25;1;9;0.5917259;0.3382741;0.4269978;0.5045077;0.3313988;0.3264678;0.2514298;0.4242788;0.2432981
Adaline;BipolarBinaryFunction;-0.5;0.5;0.3;2;1;0.25;1;13;0.4665689;0.3567917;0.3417327;0.3577848;0.3131472;0.3258594;0.3159718;0.317252;0.355832;0.3379306;0.3392257;0.3346019;0.243279
Adaline;BipolarBinaryFunction;-0.5;0.5;0.2;2;1;0.25;1;184;0.5236687;0.2959;0.3029771;0.2651079;0.2846308;0.3113926;0.2575538;0.2610522;0.2853767;0.2943747;0.3035394;0.304279;0.2883527;0.270692;0.2696733;0.2599062;0.3132559;0.3072637;0.3048689;0.2882054;0.2790508;0.3001707;0.266345;0.3032565;0.290969;0.3043906;0.3032044;0.2979439;0.3063503;0.2834256;0.3047992;0.3149453;0.2994243;0.3065877;0.2846561;0.3015782;0.3179471;0.2564614;0.2900903;0.3047506;0.3017318;0.2766517;0.3030048;0.2851569;0.2978635;0.3181682;0.3126537;0.2904729;0.3067493;0.3108391;0.3048963;0.3062189;0.3048419;0.2830051;0.3053005;0.3047631;0.3139405;0.2939733;0.3011259;0.2989295;0.2856998;0.2814534;0.2804709;0.300334;0.299911;0.279317;0.3155447;0.3030796;0.3100781;0.2762926;0.3005903;0.3112851;0.2851047;0.3021561;0.3094151;0.3130298;0.3083721;0.2606835;0.2710578;0.2627892;0.2994573;0.3060182;0.2946655;0.2976137;0.313178;0.3037543;0.2860447;0.2595235;0.3108501;0.3031664;0.2826695;0.2957109;0.2688426;0.3037797;0.302529;0.2876135;0.298383;0.3146847;0.3100438;0.2953719;0.2742766;0.3035475;0.2959209;0.2988763;0.2968336;0.3071269;0.3113824;0.305714;0.3000331;0.3032278;0.2905502;0.3011548;0.3035622;0.306465;0.3071012;0.3016126;0.3085172;0.2804168;0.3084393;0.3004974;0.3072526;0.2989383;0.2992932;0.3012189;0.2938558;0.3019279;0.2858489;0.2896178;0.2940641;0.2664824;0.2994464;0.2630842;0.2920716;0.3037274;0.2997872;0.3071648;0.2823606;0.3006733;0.2622244;0.2835712;0.2977781;0.3078785;0.3006015;0.3017468;0.3031129;0.3031681;0.3014606;0.2687738;0.3040642;0.305931;0.2799285;0.3029172;0.2759839;0.2653628;0.29871;0.3026554;0.3035777;0.2858576;0.2868873;0.2764147;0.2698619;0.3123097;0.307476;0.3003168;0.3147911;0.2681529;0.2887176;0.2952119;0.2800642;0.2998264;0.3003708;0.3093749;0.3076457;0.309193;0.3028035;0.3051628;0.3144666;0.2884705;0.2954193;0.3107563;0.3029618;0.2831137;0.3042424;0.2485925
Adaline;BipolarBinaryFunction;-0.5;0.5;0.1;2;1;0.25;1;timeout
Adaline;BipolarBinaryFunction;-0.5;0.5;0.05;2;1;0.25;1;timeout
Adaline;BipolarBinaryFunction;-0.5;0.5;0.01;2;1;0.25;1;timeout
Adaline;BipolarBinaryFunction;-0.3;0.3;1;2;1;0.25;1;153;1.798457;1.909487;4.603727;2.903087;8.916302;6.021421;4.389014;4.85426;9.958521;11.27803;12.56278;8.208521;5.389013;4.173767;7.069509;4.430495;2.75;4.895741;0.9652472;0.75;3.75;4.25;7.5;2.75;9.25;4.75;6;3;9.5;6.75;14.5;17;7.75;34.25;33.25;24.25;11.5;27.75;46.5;28.25;50;28.5;38.25;38.25;66;46.25;56.25;29;104.25;169.25;94.25;141.25;9.5;11;28.25;17.5;18.25;77.5;27.5;34.25;44.5;52.75;37.25;126.75;59.75;89.25;88.25;44;84.75;152.5;118;153;99.5;186.75;138.25;158.5;153.75;188.5;135.75;221.25;155.75;114.75;179.75;149;319.5;313.75;628.25;164.75;743.75;332.5;166.5;167;248.75;168;581.25;416.75;586.75;419;336.25;753.25;1003.75;998.75;500.5;1250.75;1498.25;2000.5;1503.75;3251.25;1499.75;1498.5;999.25;748.75;499.25;1247.75;998.25;2495;3492.75;1994.75;1746.75;1748.25;750;2497.75;3748.25;4246.5;4997.25;8744.5;6246;8744.75;7496;14991.5;14990.75;18738.5;11243.75;33729.5;48720;44971.5;59963.5;59962.75;67458.75;22487.5;37476.25;29981.75;22485.25;22485;37476.75;14991.25;0.75;1;2;0.75;1.5;0.5;0.25
Adaline;BipolarBinaryFunction;-0.3;0.3;0.9;2;1;0.25;1;32;0.5646085;0.7737684;0.6861161;1.076505;1.344504;1.396352;0.8759639;0.7764981;0.8673968;0.7714695;0.3452068;1.460116;1.286084;1.145751;1.786455;1.221077;0.8338211;0.5823629;0.3458522;1.193163;0.6956661;2.291853;1.687517;1.869513;1.682018;1.676736;0.8929473;0.6413193;0.8064576;1.252622;0.6626844;0.1691748
Adaline;BipolarBinaryFunction;-0.3;0.3;0.8;2;1;0.25;1;7;0.499809;0.6010982;0.4209886;0.6199706;0.4530683;0.4290516;0.2414578
Adaline;BipolarBinaryFunction;-0.3;0.3;0.6;2;1;0.25;1;4;0.4838968;0.4664119;0.2971233;0.1807918
Adaline;BipolarBinaryFunction;-0.3;0.3;0.5;2;1;0.25;1;2;0.3645558;0.2190119
Adaline;BipolarBinaryFunction;-0.3;0.3;0.3;2;1;0.25;1;11;0.6003214;0.3750173;0.2929318;0.2758977;0.3539702;0.3408753;0.3430731;0.2816461;0.330385;0.3476701;0.2478594
Adaline;BipolarBinaryFunction;-0.3;0.3;0.2;2;1;0.25;1;124;0.5820787;0.2922642;0.314538;0.3024018;0.3049415;0.2783595;0.2988841;0.297621;0.3037845;0.3093101;0.3025036;0.2912019;0.2927844;0.2883341;0.3057068;0.2788431;0.3082747;0.3029639;0.3040429;0.3087391;0.2862716;0.3002011;0.2781707;0.3118482;0.2910083;0.2883057;0.3001244;0.2664872;0.3011903;0.3029926;0.2902884;0.3000996;0.2838726;0.3012655;0.2967055;0.3112483;0.3048984;0.2846159;0.3152105;0.2821632;0.2997946;0.2885927;0.2872127;0.289376;0.3084133;0.3074423;0.2702672;0.3143422;0.3033287;0.2508636;0.2739616;0.3121653;0.3134833;0.2842894;0.2811648;0.3145981;0.310532;0.2934991;0.3080442;0.303893;0.2830509;0.3083546;0.2999586;0.315159;0.301477;0.2817275;0.3032613;0.2972501;0.3054686;0.3040368;0.3048123;0.2859264;0.3104826;0.3016909;0.2777053;0.29571;0.3102254;0.3010756;0.3084046;0.2875989;0.3000686;0.3048416;0.2927794;0.298166;0.2994724;0.3011147;0.3023755;0.2974403;0.2670825;0.2912524;0.3097046;0.3024383;0.3010234;0.3000385;0.2760312;0.2676624;0.3140308;0.30665;0.3046935;0.3088107;0.2957259;0.3028324;0.254135;0.2675365;0.3076299;0.285744;0.3013602;0.2791231;0.2530567;0.2983366;0.2949171;0.3045864;0.3021597;0.3037266;0.3099148;0.3002959;0.3007266;0.3059585;0.2929439;0.280848;0.3134996;0.2920632;0.3077974;0.2482335
Adaline;BipolarBinaryFunction;-0.3;0.3;0.1;2;1;0.25;1;timeout
Adaline;BipolarBinaryFunction;-0.3;0.3;0.05;2;1;0.25;1;timeout
Adaline;BipolarBinaryFunction;-0.3;0.3;0.01;2;1;0.25;1;timeout
Adaline;BipolarBinaryFunction;-0.2;0.2;1;2;1;0.25;1;265;0.5701449;0.4124398;2.020811;2.120935;1.476077;2.106463;3.702155;5.202155;5.202155;7.39116;6.593314;4.843314;3.39116;1.962928;4.675856;7.354088;5.819392;2;1.75;2.25;3.25;3.25;10.25;8.75;15.25;22;15.75;15;30;42.75;21.25;21.75;17.5;13.25;30.25;17.75;14.75;7.75;5.75;11.5;32;14.5;11;14.75;9.75;13.75;17.75;24;21.25;28.25;50.75;13.75;30.5;16.75;4.75;10.75;11;15.25;10;17;16;16;22;19;18.75;9;5.75;8.5;14.5;15.25;21.75;47;58;88.5;97.25;26.75;40.25;28.25;27.25;28.75;65.5;26.25;3.25;2.75;3;1.25;1.5;5.25;5.25;5.75;18.25;23.75;16.75;22;7.25;3.25;1.75;0.5;1.75;1.5;2;3.5;1.25;1.25;1.25;2.5;2.25;3.5;8.25;4.25;5.5;4.5;3;2.75;6;3.25;4;6;10;14.5;19.75;6.75;14;19.75;40.5;57.75;22.75;34.25;16.75;22.25;21.75;20;37.5;26.75;17.25;27.75;42.25;36.25;33.25;54.75;65.75;12;23.75;57.5;103.5;103.75;101.75;104;69.75;69.75;244.75;209.75;245;419.75;385;806;561;1856.25;909.75;872;1918;1395.5;1571.25;1047.75;2094.5;1047.75;1570.75;1571.25;1570.75;1570.75;1569.75;1046.25;1045;1044.5;1566.25;2611.25;1566.5;5744.5;9400.75;12012;23501.75;20368.5;21414.25;19845.75;17755.25;50134.5;18800.75;37600.5;56401.5;43866.75;37600.25;50132.75;37600.25;25064.75;87726.25;100258.3;75194.25;75194.5;125323;100257.8;150386.8;200517.5;426099.5;325840.5;275711.5;350905.3;200517;100258.3;75192;50129.75;50129.75;100259;100258.5;50129.25;1.75;1.75;3.5;4.75;5;6.25;4;8.25;12;9.75;4.25;8;9;5.5;7.25;2.75;9;8.75;19.25;21;29.5;38.5;22.5;32.25;71.75;45.75;87.75;95;113.75;77.75;54.75;53.75;80.5;320.5;54.25;1.5;2.75;2.5;2.75;2.5;1.25;3;3;1.25;1.75;1;1.75;1.5;1.25;0.5;0.25
Adaline;BipolarBinaryFunction;-0.2;0.2;0.9;2;1;0.25;1;518;1.268473;0.2873143;0.3218787;0.5015275;0.4542681;0.9096966;0.5007131;0.515937;1.481982;0.9395229;0.9754369;1.304704;2.240031;1.446719;1.821415;0.380401;2.075404;0.6927012;0.6131147;0.6192335;0.5079002;1.20627;0.686578;0.793122;1.547293;1.472009;1.869889;1.78225;1.77182;2.654805;1.838313;1.490277;0.8701075;1.76229;2.046593;1.414369;1.357855;1.430179;0.8503659;1.71352;1.158244;0.7255189;0.8502999;0.8248374;1.124815;1.181761;1.57115;1.214609;0.3871542;0.4379623;0.7239352;1.957463;0.6942875;1.764011;1.2235;1.429846;0.5036851;1.074639;1.11613;0.8320684;0.9287832;1.629408;1.231542;0.9072498;0.9784961;1.024922;0.5432243;1.282045;2.296784;3.19039;1.59216;0.4950886;1.738465;0.8926412;1.80604;1.387814;0.905771;0.6834438;1.096676;0.6427284;1.702984;0.7425251;1.227135;0.5770533;2.218635;1.275926;1.209584;0.9314941;1.392745;1.082295;0.9482442;1.052841;1.233116;1.126415;1.061513;1.218021;1.925424;1.815521;1.379142;1.976887;0.3019347;0.4365909;1.007056;1.154755;1.332934;0.680768;1.468798;1.924064;1.927261;2.260721;1.17374;1.022833;0.8995287;1.333319;0.6149962;0.3740013;1.050315;0.4894939;0.5176272;0.4120402;0.2928565;1.044986;2.109326;1.55927;1.427571;1.979891;1.771511;0.678145;1.050156;0.6409308;0.2706622;1.154183;1.018026;0.9698285;2.257762;1.70155;1.620382;0.8969548;1.701859;2.711307;3.949956;3.057339;4.073192;2.130869;3.432231;2.409845;3.293656;2.402981;1.012848;0.6918849;1.68166;1.538952;1.05562;2.000744;1.75864;1.42199;2.415394;0.9479235;0.7642968;0.6341563;0.3634079;1.240867;1.235807;2.12283;1.07117;2.185123;2.090966;3.643404;6.66387;5.366041;9.444182;9.144006;3.407891;1.040679;0.9039668;1.573258;1.333293;2.962047;1.462039;1.713289;0.6268249;2.502795;1.636135;0.5552114;0.6114184;0.3152419;0.7947866;1.08009;0.8392174;1.658113;1.517328;1.428158;1.316273;1.589969;1.437037;0.7606274;2.743956;1.833954;1.661346;0.7304803;0.3780087;0.9999608;0.6287676;1.119008;0.5854724;0.3960865;0.8417521;1.295516;2.189862;1.206613;0.7449871;0.5636275;1.971457;0.5687171;0.8884906;1.261093;2.262234;3.545228;3.782024;0.854281;1.353152;1.172359;0.8217525;1.221661;0.6089453;0.5981581;1.305724;2.288073;2.785032;2.529064;5.134123;2.954378;1.859821;2.040954;2.764599;2.705644;1.022353;1.695219;0.5999038;1.367907;1.906053;2.210122;1.300817;2.154843;3.038764;3.726331;3.289442;1.025215;1.898175;1.314897;1.157662;2.036306;0.6721702;0.5970937;1.231632;0.5249023;1.050155;0.7107303;1.0526;1.638835;1.179741;0.5808545;0.9132265;1.428359;1.937476;1.472261;2.424507;1.064519;1.784882;1.848043;2.591056;2.923923;1.347689;3.183813;2.226287;1.503106;1.122012;1.568854;1.056168;2.019554;0.7763493;1.184545;2.261543;2.18337;1.693038;3.133009;1.478904;2.954874;2.499853;1.551929;1.509503;1.127482;1.229794;1.250543;1.551602;0.8167157;1.559299;0.8091511;1.07353;1.150151;1.685603;1.473579;1.278875;0.961911;1.62606;1.3795;1.419658;0.4981428;0.8303663;0.8564748;0.4078258;1.259787;1.817632;1.475024;0.7933187;0.5325708;0.5857151;0.6653971;0.8367542;0.8936718;1.864443;0.3025862;0.6023047;0.6884648;1.271774;1.39041;2.921173;1.85052;2.153415;2.253315;2.293004;2.180014;0.6000195;0.4121269;1.269968;1.147241;1.400647;1.042467;1.156303;1.226102;1.287537;1.093333;0.4424638;1.200058;1.320634;0.9167157;1.090875;1.476703;0.8783332;0.4686347;0.7382359;0.7069328;0.9881054;1.207902;1.276523;0.8654581;0.3652093;0.9501024;1.104749;0.7969471;0.6639587;0.8770716;0.5207471;0.4796702;0.5786295;0.4173829;0.9074586;0.4364804;0.9807307;0.4052968;0.4460711;0.4402365;0.8722893;1.827559;0.6090144;1.118862;1.927878;1.734704;1.543087;1.155346;0.4365731;0.970817;1.378977;1.127633;0.5132962;0.8470719;0.4389423;0.7193674;0.6837416;0.632421;0.4218071;0.4928745;1.252661;2.230028;0.7794867;0.8858536;0.8611658;1.649409;1.697627;1.756066;1.163283;1.380291;1.819809;2.1782;3.735615;2.569822;2.95481;0.7535037;1.325769;2.033166;2.537011;1.523701;0.8541268;0.9913522;1.164048;1.250285;1.777378;2.050906;1.863648;1.959525;1.086431;1.854142;1.994477;1.736414;2.176032;1.568303;0.736187;0.4407711;1.571868;1.121332;1.0898;0.853074;0.4914342;0.5545014;0.3344088;0.7315029;0.430569;0.839917;0.6767797;1.906802;0.8381197;0.632354;0.6839961;0.8012674;1.210415;2.229079;2.210871;1.483064;1.743996;2.023438;1.944369;1.268601;3.881621;0.800315;2.533155;1.959608;1.728864;2.069653;2.353843;1.353506;0.8197193;0.7428579;1.273442;0.9053582;0.3623595;0.5201661;0.8916339;1.661117;1.233719;2.814872;1.32535;1.698474;0.8057216;1.237264;2.022314;1.050678;0.63189;0.8400832;1.322134;0.7513224;0.4055557;0.4239895;0.3742926;1.603153;0.4078789;0.4255942;0.7224144;1.26853;1.174528;0.9937289;0.8273829;0.6202717;0.7177213;0.6541321;1.024283;2.617661;2.006045;0.9157518;2.123984;1.275166;0.5764332;0.8169533;0.6056693;1.66032;0.473546;1.150121;0.5500878;0.8202777;0.3146697;0.9859778;1.287597;0.9004898;0.8657002;0.4350493;0.5426904;0.4705645;0.3940229;0.2473956
Adaline;BipolarBinaryFunction;-0.2;0.2;0.8;2;1;0.25;1;10;0.5077088;0.2796248;0.2626387;0.4468721;0.5401407;0.6133842;0.8977665;0.9192666;0.5942189;0.2455476
Adaline;BipolarBinaryFunction;-0.2;0.2;0.6;2;1;0.25;1;13;0.2549994;0.4171968;0.3957239;0.3454763;0.4675235;0.4934283;0.5626279;0.4737567;0.320458;0.5417753;0.4522381;0.4790053;0.2204202
Adaline;BipolarBinaryFunction;-0.2;0.2;0.5;2;1;0.25;1;19;0.5344508;0.3268923;0.38623;0.4412369;0.3948362;0.483579;0.4497676;0.3093029;0.395264;0.5098354;0.4240553;0.2857558;0.3314829;0.2882395;0.4410245;0.3755319;0.4312086;0.382377;0.249366
Adaline;BipolarBinaryFunction;-0.2;0.2;0.3;2;1;0.25;1;7;0.5019395;0.3399509;0.2632254;0.3200434;0.3488165;0.256197;0.2360372
Adaline;BipolarBinaryFunction;-0.2;0.2;0.2;2;1;0.25;1;615;0.4628256;0.3037826;0.3108513;0.2851941;0.2939313;0.2631365;0.2966767;0.2877586;0.3071351;0.3156445;0.3078262;0.3051528;0.2977034;0.2804602;0.2624195;0.2557585;0.3090191;0.2974856;0.3117483;0.3079308;0.3033694;0.2731343;0.3005397;0.3007192;0.2863068;0.287448;0.3068261;0.3110216;0.284825;0.2845093;0.2671108;0.2866369;0.3074854;0.2916611;0.2999969;0.2982076;0.3051088;0.2921225;0.2668008;0.303936;0.301665;0.2883733;0.2989169;0.3016049;0.3057492;0.3020521;0.3035681;0.3033285;0.2985216;0.3016684;0.2984873;0.2745367;0.3104003;0.3069709;0.2751442;0.3048441;0.3089691;0.2854529;0.2722095;0.2859772;0.3032966;0.3055189;0.3061323;0.3062843;0.2804818;0.3026059;0.3045327;0.3082888;0.2759852;0.3023008;0.3048234;0.2866666;0.2910167;0.269831;0.3115446;0.3082905;0.2994788;0.3015843;0.3090646;0.2858095;0.2968163;0.2791636;0.3016745;0.2871578;0.2794071;0.2951974;0.2742909;0.2975501;0.3002067;0.3037235;0.2811063;0.268381;0.312452;0.3106966;0.3039121;0.2985361;0.302609;0.2997597;0.310405;0.2766404;0.3138697;0.3060426;0.2983395;0.302033;0.302191;0.3046374;0.3016629;0.3088924;0.3069388;0.2982973;0.3039;0.2838059;0.2996911;0.2978138;0.2867609;0.3010856;0.2807657;0.3155493;0.3047699;0.3065927;0.3055554;0.2877093;0.3060404;0.2635013;0.2696946;0.306905;0.3038695;0.3067636;0.2856244;0.3148589;0.2780364;0.2999723;0.299814;0.3019837;0.3001965;0.3029113;0.2819042;0.3104652;0.29955;0.3131949;0.2693444;0.3021527;0.302027;0.3109861;0.2983817;0.3025258;0.3013717;0.3131542;0.3042388;0.3037631;0.3117143;0.2847129;0.3005001;0.3025287;0.2997199;0.309666;0.3087777;0.2852861;0.2842946;0.2843045;0.2935441;0.309698;0.3059726;0.300235;0.2834226;0.2708641;0.2997419;0.3036995;0.2896603;0.3142152;0.3055366;0.3024431;0.2952866;0.3051748;0.298635;0.2720177;0.306037;0.2953946;0.3033852;0.3032979;0.309016;0.292266;0.3015725;0.3092209;0.3060411;0.3129878;0.2763279;0.308746;0.2966231;0.3120496;0.3013948;0.2939662;0.2691526;0.3077594;0.2718401;0.3130586;0.3040205;0.3013143;0.3032065;0.2795036;0.3089381;0.3112002;0.2907823;0.300797;0.2886634;0.2737954;0.2814999;0.3004249;0.2952973;0.3039302;0.2622486;0.2697883;0.3079512;0.30628;0.2956616;0.2971463;0.3054089;0.3107448;0.3124792;0.3067346;0.2702601;0.2820586;0.307166;0.3033854;0.3036564;0.3077557;0.3101914;0.3055624;0.3093995;0.2988346;0.3108057;0.2783991;0.2801608;0.3000081;0.3041631;0.3002896;0.3064437;0.2920994;0.3099313;0.3115392;0.3034624;0.3111336;0.312992;0.2980021;0.3021939;0.2701797;0.3129957;0.3064222;0.3102448;0.3017925;0.3109555;0.2837971;0.2826567;0.2966215;0.3006279;0.3068799;0.2823825;0.3054974;0.2643264;0.3088456;0.2988541;0.2672009;0.3016225;0.301676;0.3007565;0.3016098;0.2985446;0.3047982;0.2940811;0.3026236;0.3001295;0.2822877;0.3026157;0.3177313;0.3003464;0.3026019;0.302619;0.2837501;0.2548286;0.3088026;0.3066595;0.3026805;0.3123103;0.3018185;0.3041996;0.3002792;0.2806957;0.3083169;0.3050755;0.2988387;0.3123766;0.2961887;0.2652515;0.3135915;0.313129;0.2839766;0.2992096;0.2996016;0.3174146;0.3000998;0.3071989;0.2728623;0.3069376;0.2662309;0.2632096;0.3027256;0.2975352;0.3005275;0.265737;0.3014165;0.2860399;0.3087829;0.3125101;0.2795053;0.2996522;0.2967908;0.2731658;0.3127594;0.268635;0.2823474;0.2775678;0.3007212;0.3146347;0.2693976;0.2972578;0.3069729;0.303595;0.2895676;0.2984016;0.3010082;0.3100457;0.3095364;0.2928034;0.3007783;0.2656631;0.3054525;0.309124;0.2962081;0.3070447;0.2716925;0.311837;0.3133383;0.2963213;0.3016462;0.3001648;0.303036;0.2937764;0.2647985;0.2825051;0.2768677;0.3128;0.3065499;0.282709;0.2852547;0.2849363;0.2688677;0.3105254;0.303063;0.2829702;0.3000749;0.3004108;0.3096883;0.3023453;0.2843247;0.3019938;0.2825658;0.3017403;0.2618284;0.3039937;0.2847746;0.3014483;0.3005017;0.3033978;0.3097493;0.3015417;0.3091892;0.3074691;0.3098589;0.3058454;0.3031734;0.3052396;0.2858072;0.3009318;0.3108732;0.3054121;0.3056106;0.2759118;0.2708958;0.3017951;0.2794915;0.2991288;0.2998228;0.3099524;0.2986086;0.3095013;0.3091999;0.3057032;0.3089066;0.2856383;0.3077846;0.3028599;0.2829233;0.3036014;0.2867558;0.2972936;0.293505;0.3141334;0.312277;0.2912356;0.307669;0.3085493;0.3010088;0.2910267;0.3022096;0.2788131;0.279311;0.2990549;0.3036568;0.3054596;0.2794816;0.3083859;0.2992354;0.3074215;0.2858367;0.2675977;0.303894;0.3100572;0.2861226;0.3133647;0.2883449;0.30955;0.3015787;0.2652131;0.3135707;0.2949528;0.3067394;0.3059946;0.2875242;0.3003497;0.299785;0.3042294;0.2849557;0.2836009;0.3009345;0.3075705;0.2880185;0.2650021;0.2913209;0.3029643;0.2820168;0.303902;0.298022;0.2825997;0.3009534;0.2779021;0.3065492;0.2769462;0.2715283;0.2646798;0.3153314;0.315341;0.3058006;0.285363;0.3037358;0.2534397;0.3131128;0.3038933;0.2666924;0.3045691;0.2921962;0.2962913;0.3076067;0.3006898;0.3069159;0.3024372;0.3067009;0.3057341;0.2948667;0.3026709;0.2658975;0.3120061;0.3043893;0.3034033;0.2765742;0.28124;0.3055946;0.3100941;0.311163;0.3038284;0.3121258;0.3069599;0.285197;0.3018554;0.3119266;0.3084944;0.3037017;0.3109806;0.3056768;0.3117796;0.3127416;0.268985;0.3045033;0.2555665;0.303489;0.3015313;0.3001462;0.2852003;0.2876314;0.2754427;0.3131376;0.3021002;0.2989867;0.2969963;0.2727833;0.3036578;0.2964522;0.3052799;0.2891284;0.2852714;0.3029984;0.2699078;0.267176;0.2692718;0.2678419;0.270312;0.3089398;0.2848981;0.2836517;0.2993833;0.3017113;0.2783785;0.2806795;0.2968632;0.3026095;0.2949814;0.2787285;0.3127201;0.2948651;0.2876901;0.2987161;0.3128745;0.2925748;0.2943452;0.2629152;0.3076303;0.2785602;0.2877301;0.2949901;0.2635681;0.3025009;0.3030604;0.287432;0.2920566;0.2981454;0.2951314;0.3042985;0.2885818;0.2674148;0.2992621;0.2813491;0.3081305;0.3009953;0.3028384;0.2738975;0.2620604;0.2712165;0.30607;0.3017687;0.2621461;0.267639;0.3139606;0.3010904;0.3014674;0.3095609;0.3023341;0.2885754;0.2973078;0.2784347;0.2973269;0.305185;0.3043383;0.3090037;0.3091878;0.3040972;0.3068292;0.2933509;0.293215;0.2880446;0.3115141;0.304289;0.3044707;0.3069475;0.2958668;0.3010539;0.3010741;0.3048197;0.2845195;0.3136576;0.3074338;0.2601926;0.312322;0.3111719;0.3046906;0.2746984;0.3068148;0.296505;0.2910844;0.3028657;0.3072702;0.3021964;0.305775;0.2736087;0.2656532;0.3031994;0.2489343
Adaline;BipolarBinaryFunction;-0.2;0.2;0.1;2;1;0.25;1;timeout
Adaline;BipolarBinaryFunction;-0.2;0.2;0.05;2;1;0.25;1;timeout
Adaline;BipolarBinaryFunction;-0.2;0.2;0.01;2;1;0.25;1;timeout
Adaline;BipolarBinaryFunction;-0.1;0.1;1;2;1;0.25;1;143;0.6883664;0.6951903;0.5393427;0.3829874;0.2515233;0.329701;1.501523;1.924869;1.011963;2.761506;0.9337854;2.643478;4.021488;4.417404;3.917404;4.167404;10.30646;10.46434;8.820407;12.9619;12.84388;14.84388;27.16428;17.09388;9.296938;26.89081;31.41428;37.68775;14.82041;18.84388;9.296938;8.296938;2.25;4.25;5.25;3.5;5.25;3.75;6.25;4;4.75;10.25;8;12.75;18;13.25;6.25;8.5;11.25;12.25;8.5;8.5;10.5;10;20.75;20.75;16.5;12;19.75;17.75;15.5;12.5;21;22;14;23;34.25;43.25;47.25;39;46.25;26.5;56;67.75;146.25;51.5;115;154.75;193;162.25;317.5;184.5;184.5;295;309.5;385.25;147.75;361;442.75;1002.5;1201.25;1119.75;2238.25;1678.5;2239.25;3079.25;5598;3919;4199.75;3641.25;3641.25;4202.75;5602.75;2801.25;3360.5;5600.25;4481.25;12321;8963.5;4482;6718.75;15681.25;22402;11201.25;17922.25;246